insert into activity(name,description,cost) values( 'central park' ,'one of the top places to visit in new york city' ,81.0);
insert into activity(name,description,cost) values( 'times square' ,'the best place to visit in nyc at night' ,67.0);
insert into activity(name,description,cost) values( 'empire state building' ,'one of the most famous places in new york city' ,46.0);
insert into activity(name,description,cost) values( 'rockefeller center and top of the rock' ,'one of the main attractions in new york city' ,58.0);
insert into activity(name,description,cost) values( 'cross the brooklyn bridge' ,'something interesting to do in new york city' ,77.0);
insert into activity(name,description,cost) values( 'metropolitan museum of art' ,'one of the best museums in new york city' ,98.0);
insert into activity(name,description,cost) values( 'see a broadway musical' ,'the best thing to do in nyc at night' ,60.0);
insert into activity(name,description,cost) values( 'world trade center' ,'another new york city attraction you should visit' ,96.0);
insert into activity(name,description,cost) values( 'the 9/11 memorial museum' ,'a poignant place to go in nyc' ,63.0);
insert into activity(name,description,cost) values( 'one world trade center observatory' ,'the most beautiful lookout in new york city' ,12.0);
insert into activity(name,description,cost) values( 'moma' ,'one of the most famous museums in nyc and the world' ,19.0);
insert into activity(name,description,cost) values( 'high line' ,'one of the most beautiful places to go in nyc' ,95.0);
insert into activity(name,description,cost) values( 'grand central station' ,'something you must visit in new york city' ,78.0);
insert into activity(name,description,cost) values( 'ride the staten island ferry' ,'one of the best free things to do in new york city' ,8.0);
insert into activity(name,description,cost) values( 'guggenheim museum' ,'another top museum in new york city' ,78.0);
insert into activity(name,description,cost) values( 'go shopping on fifth avenue' ,'a fun thing to do in new york city' ,95.0);
insert into activity(name,description,cost) values( 'st. patrick’s cathedral' ,'one of the most important churches in nyc' ,18.0);
insert into activity(name,description,cost) values( 'the flatiron building' ,'another place you can’t miss in new york city' ,31.0);
insert into activity(name,description,cost) values( 'visit the american museum of natural history' ,'the best thing to do in nyc with kids' ,75.0);
insert into activity(name,description,cost) values( 'brooklyn heights' ,'a luxurious neighborhood to visit in new york city' ,7.0);
insert into activity(name,description,cost) values( 'dumbo' ,'another interesting neighborhood to see in new york city' ,94.0);
insert into activity(name,description,cost) values( 'visit the new york public library' ,'another free thing to do in new york city' ,33.0);
insert into activity(name,description,cost) values( 'metropolitan opera house' ,'a breathtaking place to go in new york city' ,88.0);
insert into activity(name,description,cost) values( 'shop at the best outlets in new york city' ,'something to do in nyc if it rains' ,30.0);
insert into activity(name,description,cost) values( 'greenwich village' ,'the new york city neighborhood for friends fans' ,86.0);
insert into activity(name,description,cost) values( 'union square' ,'the best attraction to visit in new york city' ,8.0);
insert into activity(name,description,cost) values( 'take a sunset cruise' ,'the best thing to do in new york city for couples' ,30.0);
insert into activity(name,description,cost) values( 'visit radio city music hall' ,'one of the most famous theaters in new york city' ,97.0);
insert into activity(name,description,cost) values( 'soho' ,'another place in nyc you don’t want to miss' ,30.0);
insert into activity(name,description,cost) values( 'chinatown' ,'an awesome place to go in new york city' ,45.0);
insert into activity(name,description,cost) values( 'eat at little italy' ,'something you can’t miss in new york city' ,30.0);
insert into activity(name,description,cost) values( 'niagara falls tour' ,'a breathtaking place to go near new york city' ,90.0);
insert into activity(name,description,cost) values( 'visit coney island' ,'another fun thing to do in nyc with kids' ,69.0);



insert into category(name) values('MUSIC');
insert into category(name) values('RESTAURANTS');
insert into category(name) values('SITESEEING');
insert into category(name) values('SHOPPING');
insert into category(name) values('EDUCATION');
insert into category(name) values('OUTDOORS');

insert into incategory(activity_name,category_name ) values( 'central park' ,'OUTDOORS');
insert into incategory(activity_name,category_name ) values( 'central park' ,'SITESEEING');
insert into incategory(activity_name,category_name ) values( 'times square' ,'SITESEEING');
insert into incategory(activity_name,category_name ) values( 'empire state building' ,'SITESEEING');
insert into incategory(activity_name,category_name ) values( 'rockefeller center and top of the rock' ,'SITESEEING');
insert into incategory(activity_name,category_name ) values( 'cross the brooklyn bridge' ,'SITESEEING');
insert into incategory(activity_name,category_name ) values( 'metropolitan museum of art' ,'SITESEEING');
insert into incategory(activity_name,category_name ) values( 'metropolitan museum of art' ,'EDUCATION');
insert into incategory(activity_name,category_name ) values( 'see a broadway musical' ,'SITESEEING');
insert into incategory(activity_name,category_name ) values( 'see a broadway musical' ,'MUSIC');
insert into incategory(activity_name,category_name ) values( 'world trade center' ,'SITESEEING');
insert into incategory(activity_name,category_name ) values( 'the 9/11 memorial museum' ,'SITESEEING');
insert into incategory(activity_name,category_name ) values( 'the 9/11 memorial museum' ,'EDUCATION');
insert into incategory(activity_name,category_name ) values( 'one world trade center observatory' ,'SITESEEING');
insert into incategory(activity_name,category_name ) values( 'moma' ,'SITESEEING');
insert into incategory(activity_name,category_name ) values( 'moma' ,'EDUCATION');
insert into incategory(activity_name,category_name ) values( 'high line' ,'SITESEEING');
insert into incategory(activity_name,category_name ) values( 'grand central station' ,'SITESEEING');
insert into incategory(activity_name,category_name ) values( 'ride the staten island ferry' ,'SITESEEING');
insert into incategory(activity_name,category_name ) values( 'guggenheim museum' ,'SITESEEING');
insert into incategory(activity_name,category_name ) values( 'guggenheim museum' ,'EDUCATION');
insert into incategory(activity_name,category_name ) values( 'go shopping on fifth avenue' ,'SITESEEING');
insert into incategory(activity_name,category_name ) values( 'go shopping on fifth avenue' ,'SHOPPING');
insert into incategory(activity_name,category_name ) values( 'st. patrick’s cathedral' ,'SITESEEING');
insert into incategory(activity_name,category_name ) values( 'the flatiron building' ,'SITESEEING');
insert into incategory(activity_name,category_name ) values( 'visit the american museum of natural history' ,'SITESEEING');
insert into incategory(activity_name,category_name ) values( 'visit the american museum of natural history' ,'EDUCATION');
insert into incategory(activity_name,category_name ) values( 'brooklyn heights' ,'SITESEEING');
insert into incategory(activity_name,category_name ) values( 'dumbo' ,'SITESEEING');
insert into incategory(activity_name,category_name ) values( 'visit the new york public library' ,'SITESEEING');
insert into incategory(activity_name,category_name ) values( 'visit the new york public library' ,'EDUCATION');
insert into incategory(activity_name,category_name ) values( 'metropolitan opera house' ,'SITESEEING');
insert into incategory(activity_name,category_name ) values( 'shop at the best outlets in new york city' ,'SITESEEING');
insert into incategory(activity_name,category_name ) values( 'shop at the best outlets in new york city' ,'SHOPPING');
insert into incategory(activity_name,category_name ) values( 'greenwich village' ,'SITESEEING');
insert into incategory(activity_name,category_name ) values( 'union square' ,'SITESEEING');
insert into incategory(activity_name,category_name ) values( 'take a sunset cruise' ,'SITESEEING');
insert into incategory(activity_name,category_name ) values( 'visit radio city music hall' ,'SITESEEING');
insert into incategory(activity_name,category_name ) values( 'visit radio city music hall' ,'MUSIC');
insert into incategory(activity_name,category_name ) values( 'soho' ,'SITESEEING');
insert into incategory(activity_name,category_name ) values( 'chinatown' ,'SITESEEING');
insert into incategory(activity_name,category_name ) values( 'eat at little italy' ,'RESTAURANTS');
insert into incategory(activity_name,category_name ) values( 'eat at little italy' ,'SITESEEING');
insert into incategory(activity_name,category_name ) values( 'niagara falls tour' ,'SITESEEING');
insert into incategory(activity_name,category_name ) values( 'visit coney island' ,'SITESEEING');
